{
  "type": "minecraft:smithing_transform",
  "addition": {
    "item": "minecraft:netherite_axe"
  },
  "base": {
    "item": "witherstormmod:command_block_book"
  },
  "result": {
    "item": "witherstormmod:iron_command_block_axe",
    "type": "forge:partial_nbt",
    "nbt": "{display:{Name:'{\"text\":\"Netherite Command Block Axe\",\"color\":\"light_purple\",\"italic\":false}',Lore:['{\"text\":\" \"}','{\"text\":\"When in Main Hand:\",\"color\":\"gray\",\"italic\":false}','{\"text\":\" 14 Attack Damage\",\"color\":\"dark_green\",\"italic\":false}','{\"text\":\" 1 Attack Speed\",\"color\":\"dark_green\",\"italic\":false}']},HideFlags:2,CustomModelData:8002,AttributeModifiers:[{AttributeName:\"generic.attack_damage\",Name:\"generic.attack_damage\",Amount:14,Operation:0,UUID:[I;-894248502,1953385121,-1494780350,-1839363818],Slot:\"mainhand\"},{AttributeName:\"generic.attack_speed\",Name:\"generic.attack_speed\",Amount:-3.0,Operation:0,UUID:[I;-723319420,-573879794,-2140621578,160349967],Slot:\"mainhand\"}]}"
  },
  "template": {
    "item": "minecraft:netherite_upgrade_smithing_template"
  }
}