{
  "type": "minecraft:smithing_transform",
  "addition": {
    "item": "minecraft:netherite_shovel"
  },
  "base": {
    "item": "witherstormmod:command_block_book"
  },
  "result": {
    "item": "witherstormmod:iron_command_block_shovel",
    "type": "minecraft:item_nbt",
    "nbt": "{display:{Name:'{\"text\":\"Netherite Command Block Shovel\",\"color\":\"light_purple\",\"italic\":false}',Lore:['{\"text\":\" \"}','{\"text\":\"When in Main Hand:\",\"color\":\"gray\",\"italic\":false}','{\"text\":\" 10.5 Attack Damage\",\"color\":\"dark_green\",\"italic\":false}','{\"text\":\" 0.6 Attack Speed\",\"color\":\"dark_green\",\"italic\":false}']},HideFlags:2,CustomModelData:8003,AttributeModifiers:[{AttributeName:\"generic.attack_damage\",Name:\"generic.attack_damage\",Amount:10.5,Operation:0,UUID:[I;1557095731,-456111846,-1653055996,1178576067],Slot:\"mainhand\"},{AttributeName:\"generic.attack_speed\",Name:\"generic.attack_speed\",Amount:-3.4,Operation:0,UUID:[I;-245393445,927745026,-1715113542,-520680739],Slot:\"mainhand\"}]}"
  },
  "template": {
    "item": "minecraft:netherite_upgrade_smithing_template"
  }
}