{
  "type": "minecraft:crafting_shaped",
  "key": {
    "#": {
      "item": "minecraft:diamond"
    },
    "S": {
      "item": "witherstormmod:tainted_cobblestone"
    },
    "T": {
    "item": "minecraft:chain_command_block",
    "type": "forge:partial_nbt",
    "nbt": "{display:{Name:'{\"text\":\"Smithing Template\",\"color\":\"white\",\"italic\":false}',Lore:['{\"text\":\"Ingredients\",\"color\":\"blue\",\"italic\":false}','{\"text\":\"Command Armor Trim\",\"color\":\"gray\",\"italic\":false}','{\"text\":\" \",\"font\":\"minecraft:include/space\",\"color\":\"gray\",\"italic\":false}','{\"text\":\"Applies to:\",\"color\":\"gray\",\"italic\":false}','{\"text\":\"Armor\",\"color\":\"blue\",\"italic\":false}','{\"text\":\"Ingredients:\",\"color\":\"gray\",\"italic\":false}','{\"text\":\"Ingots & Crystals\",\"color\":\"blue\",\"italic\":false}']},CustomModelData:969}"
    }
  },
  "pattern": [
    "#T#",
    "#S#",
    "###"
  ],
  "result": {
    "count": 2,
    "nbt": "{display:{Name:'{\"text\":\"Smithing Template\",\"color\":\"white\",\"italic\":false}',Lore:['{\"text\":\"Ingredients\",\"color\":\"blue\",\"italic\":false}','{\"text\":\"Command Armor Trim\",\"color\":\"gray\",\"italic\":false}','{\"text\":\" \",\"font\":\"minecraft:include/space\",\"color\":\"gray\",\"italic\":false}','{\"text\":\"Applies to:\",\"color\":\"gray\",\"italic\":false}','{\"text\":\"Armor\",\"color\":\"blue\",\"italic\":false}','{\"text\":\"Ingredients:\",\"color\":\"gray\",\"italic\":false}','{\"text\":\"Ingots & Crystals\",\"color\":\"blue\",\"italic\":false}']},CustomModelData:969}",
    "type": "minecraft:item_nbt",
    "item": "minecraft:chain_command_block"
  }
}