{
	"type": "witherstormmod:item_craft_super_beacon",
 	"ingredients": [
 		{
            "item": "witherstormmod:tainted_dust"
        },
		{
            "item": "witherstormmod:tainted_dust"
        },
		{
            "item": "witherstormmod:infected_flesh_block"
        },
 		{
            "item": "witherstormmod:tainted_dust"
        },
		{
            "item": "minecraft:goat_horn"
        }
  	],
  	"result": {
    "item": "minecraft:goat_horn",
	"nbt": "{display:{Name:'{\"text\":\"Corrupt Horn\",\"color\":\"dark_purple\",\"italic\":false}',Lore:['{\"text\":\"Blow the horn to spawn the Corrupt\",\"color\":\"dark_gray\",\"italic\":true}']},HideFlags:32,CustomModelData:80321,corrupt:1,Enchantments:[{}],instrument:\"minecraft:call_goat_horn\"}"
  },
  	"condition": "main_activated"
}