{
	"type": "witherstormmod:item_craft_super_beacon",
 	"ingredients": [
 		{
            "item": "witherstormmod:tainted_flesh_block"
        },
		{
            "item": "witherstormmod:tainted_dust"
        },
		{
            "item": "witherstormmod:tainted_flesh_block"
        },
 		{
            "item": "witherstormmod:tainted_dust"
        },
                {
            "item": "witherstormmod:infected_flesh_block"
        },
		{
            "item": "minecraft:diamond_sword"
        }
  	],
  	"result": {
    "item": "minecraft:diamond_sword",
	"nbt": "{CustomModelData:1000,wither:1,display:{Name:'{\"text\":\"Flesh Sword\",\"color\":\"light_purple\",\"italic\":false}',Lore:['{\"text\":\"Inflicts Wither effect on hit\",\"color\":\"dark_gray\"}']}}"
  },
  	"condition": "main_activated"
}