{
	"type": "witherstormmod:resummon_super_beacon",
 	"ingredients": [
 		{
 			"item": "witherstormmod:tainted_dust"
 		},
 		{
 			"item": "witherstormmod:tainted_dust"
 		},
 		{
 			"item": "witherstormmod:tainted_dust"
 		},
 		{
 			"item": "witherstormmod:tainted_dust"
 		},
 		{
 			"item": "witherstormmod:tainted_dust"
 		},
 		{
 			"item": "witherstormmod:infected_flesh_block"
 		},
 		{
 			"item": "minecraft:chorus_fruit"
 		},
 		{
 			"item": "minecraft:wither_rose"
 		}
  	],
  	"entity": "minecraft:area_effect_cloud",
  	"nbt": "{Tags:[\"InfectionSpawner\"],Duration:85}",
  	"condition": "main_activated"
}