{
  "type": "witherstormmod:resummon_super_beacon",
  "condition": "fully_completed",
  "entity": "witherstormmod:wither_storm",
  "nbt": "{Resummoned:1b,Tags:[\"Resummoned\"]}",
  "ingredients": [
    {
      "item": "minecraft:wither_skeleton_skull"
    },
    {
      "item": "minecraft:wither_skeleton_skull"
    },
    {
      "item": "minecraft:wither_skeleton_skull"
    },
    {
      "item": "witherstormmod:tainted_dust"
    },
    {
      "item": "witherstormmod:tainted_dust"
    },
    {
      "item": "witherstormmod:tainted_dust"
    },
    {
      "item": "minecraft:command_block"
    }
  ]
}