{
	"type": "witherstormmod:resummon_super_beacon",
 	"ingredients": [
 		{
 			"item": "witherstormmod:tainted_dust"
 		},
 		{
 			"item": "witherstormmod:tainted_dust"
 		},
 		{
 			"item": "witherstormmod:tainted_dust"
 		},
 		{
 			"item": "witherstormmod:tainted_dust"
 		},
 		{
 			"item": "witherstormmod:withered_phlegm_block"
 		},
 		{
 			"item": "minecraft:nether_star"
 		}
  	],
  	"entity": "minecraft:marker",
  	"nbt": "{Tags:[\"PurpleDiamondSpawner\"]}",
  	"condition": "all_supports"
}