{
  "type": "minecraft:crafting_shaped",
  "category": "misc",
  "key": {
    "A": {
      "item": "witherstormmod:amulet"
    },
    "G": {
      "item": "witherstormmod:tainted_glass"
    },
    "I": {
      "item": "witherstormmod:tainted_flesh_block"
    },
    "S": {
      "item": "witherstormmod:withered_nether_star",
      "type": "forge:partial_nbt",
      "nbt": "{display:{Name:'{\"italic\":false,\"color\":\"red\",\"font\":\"minecraft:default\",\"text\":\"Super Withered Star\"}'},CustomModelData:3405}"
    }
  },
  "pattern": [
    "GGG",
    "GSG",
    "IAI"
  ],
  "result": {
    "item": "witherstormmod:super_beacon"
  },
  "show_notification": true
}