{
	"type": "witherstormmod:item_craft_super_beacon",
 	"ingredients": [
 		{
            "item": "witherstormmod:tainted_stone"
        },
		{
            "item": "witherstormmod:tainted_dust"
        },
		{
            "item": "witherstormmod:tainted_stone"
        },
 		{
            "item": "witherstormmod:tainted_dust"
        },
		{
            "item": "minecraft:stone_shovel"
        }
  	],
  	"result": {
    "item": "minecraft:stone_shovel",
	"nbt": "{CustomModelData:103,display:{Name:'{\"text\":\"Tainted Stone Shovel\",\"italic\":false}'}}"
  },
  	"condition": "main_activated"
}