{
	"type": "witherstormmod:item_craft_super_beacon",
 	"ingredients": [
 		{
            "item": "witherstormmod:tainted_planks"
        },
		{
            "item": "witherstormmod:tainted_dust"
        },
		{
            "item": "witherstormmod:tainted_planks"
        },
 		{
            "item": "witherstormmod:tainted_dust"
        },
		{
            "item": "minecraft:wooden_pickaxe"
        }
  	],
  	"result": {
    "item": "minecraft:wooden_pickaxe",
	"nbt": "{CustomModelData:92,display:{Name:'{\"text\":\"Tainted Pickaxe\",\"italic\":false}'}}"
  },
  	"condition": "main_activated"
}