{
	"type": "witherstormmod:item_craft_super_beacon",
 	"ingredients": [
 		{
            "item": "witherstormmod:tainted_planks"
        },
		{
            "item": "witherstormmod:tainted_dust"
        },
		{
            "item": "witherstormmod:tainted_planks"
        },
 		{
            "item": "witherstormmod:tainted_dust"
        },
		{
            "item": "minecraft:wooden_shovel"
        }
  	],
  	"result": {
    "item": "minecraft:wooden_shovel",
	"nbt": "{CustomModelData:93,display:{Name:'{\"text\":\"Tainted Shovel\",\"italic\":false}'}}"
  },
  	"condition": "main_activated"
}