{
  "type": "minecraft:crafting_shaped",
  "pattern": [
    " C ",
    "DAD",
    " D "
  ],
  "key": {
    "D": {
      "item": "witherstormmod:tainted_dust"
    },
    "A": {
      "item": "minecraft:netherite_boots"
    },
    "C": {
      "item": "minecraft:structure_block",
      "type": "forge:partial_nbt",
      "nbt": "{display:{Name:'{\"text\":\"Super Withered Star Piece\",\"color\":\"red\",\"italic\":false}'},CustomModelData:8865,BlockEntityTag:{rotation:\"NONE\",mirror:\"NONE\",mode:\"SAVE\"}}"
    }
  },
  "result": {
    "count": 1,
    "nbt": "{display:{Name:'{\"text\":\"Command Star Boots\",\"color\":\"red\",\"italic\":false}',Lore:['{\"text\":\"  \"}','{\"text\":\"When on Feet:\",\"color\":\"gray\",\"italic\":false}','{\"text\":\"+6 Armor\",\"color\":\"blue\",\"italic\":false}','{\"text\":\"+2 Knockback Resistance\",\"color\":\"blue\",\"italic\":false}','{\"text\":\"+5 Armor Toughness\",\"color\":\"blue\",\"italic\":false}']},HideFlags:134,Unbreakable:1b,CustomModelData:90313,CommandArmor:1,AttributeModifiers:[{AttributeName:\"generic.armor\",Name:\"generic.armor\",Amount:6,Operation:0,UUID:[I;1651148823,784092826,-1997421091,-967947479],Slot:\"feet\"},{AttributeName:\"generic.armor_toughness\",Name:\"generic.armor_toughness\",Amount:5,Operation:0,UUID:[I;-350396939,242568229,-1321502378,-1321051305],Slot:\"feet\"},{AttributeName:\"generic.knockback_resistance\",Name:\"generic.knockback_resistance\",Amount:.2,Operation:0,UUID:[I;1633888080,323833672,-1168680839,1211680369],Slot:\"feet\"},{AttributeName:\"generic.armor\",Name:\"generic.armor\",Amount:6,Operation:0,UUID:[I;-1739043720,637160205,-1745815871,-1313470582],Slot:\"legs\"},{AttributeName:\"generic.armor_toughness\",Name:\"generic.armor_toughness\",Amount:5,Operation:0,UUID:[I;-2061331022,-402960811,-1284280632,-1759823504],Slot:\"legs\"},{AttributeName:\"generic.knockback_resistance\",Name:\"generic.knockback_resistance\",Amount:.2,Operation:0,UUID:[I;2053380958,833373987,-1515598200,1775990357],Slot:\"legs\"},{AttributeName:\"generic.armor\",Name:\"generic.armor\",Amount:6,Operation:0,UUID:[I;326238679,-1206104546,-1102391049,1651793234],Slot:\"chest\"},{AttributeName:\"generic.armor_toughness\",Name:\"generic.armor_toughness\",Amount:5,Operation:0,UUID:[I;616759765,887374490,-1865455782,1004655158],Slot:\"chest\"},{AttributeName:\"generic.knockback_resistance\",Name:\"generic.knockback_resistance\",Amount:.2,Operation:0,UUID:[I;1375300863,-54965233,-1291224808,203344458],Slot:\"chest\"},{AttributeName:\"generic.armor\",Name:\"generic.armor\",Amount:6,Operation:0,UUID:[I;222125899,-1598468568,-1502746604,869422587],Slot:\"head\"},{AttributeName:\"generic.armor_toughness\",Name:\"generic.armor_toughness\",Amount:5,Operation:0,UUID:[I;492375020,-1333509584,-1324879465,1486889865],Slot:\"head\"},{AttributeName:\"generic.knockback_resistance\",Name:\"generic.knockback_resistance\",Amount:.2,Operation:0,UUID:[I;957510021,-1589164351,-1394121407,-1080886586],Slot:\"head\"}],Trim:{material:\"minecraft:iron\",pattern:\"minecraft:command_star\"}}",
    "type": "minecraft:item_nbt",
    "item": "minecraft:netherite_boots"
  }
}