{
  "type": "minecraft:crafting_shapeless",
  "ingredients": [
    {
      "item": "witherstormmod:withered_nether_star",
      "type": "forge:partial_nbt",
      "nbt": "{display:{Name:'{\"italic\":false,\"color\":\"red\",\"font\":\"minecraft:default\",\"text\":\"Super Withered Star\"}'},CustomModelData:3405}"
    }
  ],
  "result": {
    "count": 4,
    "nbt": "{display:{Name:'{\"text\":\"Super Withered Star Piece\",\"color\":\"red\",\"italic\":false}'},CustomModelData:8865,BlockEntityTag:{rotation:\"NONE\",mirror:\"NONE\",mode:\"SAVE\"}}",
    "type": "minecraft:item_nbt",
    "item": "minecraft:structure_block"
  }
}