{
  "type": "minecraft:crafting_shaped",
  "pattern": [
    " C ",
    "DAD",
    " D "
  ],
  "key": {
    "D": {
      "item": "witherstormmod:tainted_dust"
    },
    "A": {
      "item": "minecraft:netherite_helmet"
    },
    "C": {
      "item": "minecraft:structure_block",
      "type": "forge:partial_nbt",
      "nbt": "{display:{Name:'{\"text\":\"Super Withered Star Piece\",\"color\":\"red\",\"italic\":false}'},CustomModelData:8865,BlockEntityTag:{rotation:\"NONE\",mirror:\"NONE\",mode:\"SAVE\"}}"
    }
  },
  "result": {
    "count": 1,
    "nbt": "{display:{Name:'{\"text\":\"Command Star Helmet\",\"color\":\"red\",\"italic\":false}',Lore:['{\"text\":\"  \"}','{\"text\":\"When on Head:\",\"color\":\"gray\",\"italic\":false}','{\"text\":\"+6 Armor\",\"color\":\"blue\",\"italic\":false}','{\"text\":\"+2 Knockback Resistance\",\"color\":\"blue\",\"italic\":false}','{\"text\":\"+5 Armor Toughness\",\"color\":\"blue\",\"italic\":false}']},HideFlags:134,Unbreakable:1b,CustomModelData:90311,CommandArmor:1,AttributeModifiers:[{AttributeName:\"generic.armor\",Name:\"generic.armor\",Amount:6,Operation:0,UUID:[I;336735338,-704164024,-1372619761,-227342813],Slot:\"head\"},{AttributeName:\"generic.armor_toughness\",Name:\"generic.armor_toughness\",Amount:5,Operation:0,UUID:[I;-545056673,-380811961,-1390865215,499552786],Slot:\"head\"},{AttributeName:\"generic.knockback_resistance\",Name:\"generic.knockback_resistance\",Amount:.2,Operation:0,UUID:[I;-527547003,1801080816,-2114212670,1165070066],Slot:\"head\"},{AttributeName:\"generic.armor\",Name:\"generic.armor\",Amount:6,Operation:0,UUID:[I;35420379,171658298,-1341050799,695506982],Slot:\"chest\"},{AttributeName:\"generic.armor_toughness\",Name:\"generic.armor_toughness\",Amount:5,Operation:0,UUID:[I;-921625618,51924871,-2120822725,-376890818],Slot:\"chest\"},{AttributeName:\"generic.knockback_resistance\",Name:\"generic.knockback_resistance\",Amount:.2,Operation:0,UUID:[I;1155379700,-1402322384,-1398413105,1888788981],Slot:\"chest\"},{AttributeName:\"generic.armor\",Name:\"generic.armor\",Amount:6,Operation:0,UUID:[I;93753933,-1562229171,-1224444084,-159739474],Slot:\"legs\"},{AttributeName:\"generic.armor_toughness\",Name:\"generic.armor_toughness\",Amount:5,Operation:0,UUID:[I;680372398,-177257360,-1586589064,-8559232],Slot:\"legs\"},{AttributeName:\"generic.knockback_resistance\",Name:\"generic.knockback_resistance\",Amount:.2,Operation:0,UUID:[I;1660720852,-1838397803,-1750517938,1512081465],Slot:\"legs\"},{AttributeName:\"generic.armor\",Name:\"generic.armor\",Amount:6,Operation:0,UUID:[I;398411297,-69515022,-1324403823,-598439747],Slot:\"feet\"},{AttributeName:\"generic.armor_toughness\",Name:\"generic.armor_toughness\",Amount:5,Operation:0,UUID:[I;-753217187,-922660867,-1153714047,11805723],Slot:\"feet\"},{AttributeName:\"generic.knockback_resistance\",Name:\"generic.knockback_resistance\",Amount:.2,Operation:0,UUID:[I;-1800276337,1762609536,-1729245693,1104941060],Slot:\"feet\"}],Trim:{material:\"minecraft:iron\",pattern:\"minecraft:command_star\"}}",
    "type": "minecraft:item_nbt",
    "item": "minecraft:netherite_helmet"
  }
}