{
  "type": "minecraft:crafting_shaped",
  "pattern": [
    " C ",
    "DAD",
    " D "
  ],
  "key": {
    "D": {
      "item": "witherstormmod:tainted_dust"
    },
    "A": {
      "item": "minecraft:netherite_chestplate"
    },
    "C": {
      "item": "minecraft:structure_block",
      "type": "forge:partial_nbt",
      "nbt": "{display:{Name:'{\"text\":\"Super Withered Star Piece\",\"color\":\"red\",\"italic\":false}'},CustomModelData:8865,BlockEntityTag:{rotation:\"NONE\",mirror:\"NONE\",mode:\"SAVE\"}}"
    }
  },
  "result": {
    "count": 1,
    "nbt": "{display:{Name:'{\"text\":\"Command Star Chestplate\",\"color\":\"red\",\"italic\":false}',Lore:['{\"text\":\"  \",\"italic\":false}','{\"text\":\"When on Body:\",\"color\":\"gray\",\"italic\":false}','{\"text\":\"+10 Armor\",\"color\":\"blue\",\"italic\":false}','{\"text\":\"+2 Knockback Resistance\",\"color\":\"blue\",\"italic\":false}','{\"text\":\"+5 Armor Toughness\",\"color\":\"blue\",\"italic\":false}']},HideFlags:134,Unbreakable:1b,CustomModelData:90310,CommandArmor:1,AttributeModifiers:[{AttributeName:\"generic.armor\",Name:\"generic.armor\",Amount:10,Operation:0,UUID:[I;-735366129,-741914623,-1692028879,-1044957358],Slot:\"chest\"},{AttributeName:\"generic.armor_toughness\",Name:\"generic.armor_toughness\",Amount:5,Operation:0,UUID:[I;837458065,-1036956741,-1896316903,197994099],Slot:\"chest\"},{AttributeName:\"generic.knockback_resistance\",Name:\"generic.knockback_resistance\",Amount:.2,Operation:0,UUID:[I;-1514488798,1495223061,-2069243298,-1756770383],Slot:\"chest\"},{AttributeName:\"generic.armor\",Name:\"generic.armor\",Amount:10,Operation:0,UUID:[I;180040910,-533313739,-1698857517,-2053176932],Slot:\"legs\"},{AttributeName:\"generic.knockback_resistance\",Name:\"generic.knockback_resistance\",Amount:.2,Operation:0,UUID:[I;1790893094,-1325383304,-2041304062,7799890],Slot:\"legs\"},{AttributeName:\"generic.armor_toughness\",Name:\"generic.armor_toughness\",Amount:5,Operation:0,UUID:[I;-1280070825,-1077066420,-1502309045,1977461992],Slot:\"legs\"},{AttributeName:\"generic.armor\",Name:\"generic.armor\",Amount:10,Operation:0,UUID:[I;-519814086,-591117172,-1480949044,-2013302485],Slot:\"head\"},{AttributeName:\"generic.knockback_resistance\",Name:\"generic.knockback_resistance\",Amount:.2,Operation:0,UUID:[I;-229743585,-1631957273,-2079799212,-88505913],Slot:\"head\"},{AttributeName:\"generic.armor_toughness\",Name:\"generic.armor_toughness\",Amount:5,Operation:0,UUID:[I;-1449806620,-1199815715,-1528923388,1865128891],Slot:\"head\"},{AttributeName:\"generic.armor\",Name:\"generic.armor\",Amount:10,Operation:0,UUID:[I;1002851992,-1901115350,-1247835203,-876870476],Slot:\"feet\"},{AttributeName:\"generic.knockback_resistance\",Name:\"generic.knockback_resistance\",Amount:.2,Operation:0,UUID:[I;2018952505,1126842497,-1095722201,-1173314620],Slot:\"feet\"},{AttributeName:\"generic.armor_toughness\",Name:\"generic.armor_toughness\",Amount:5,Operation:0,UUID:[I;1348594138,679691640,-2121003184,1488770023],Slot:\"feet\"}],Trim:{material:\"minecraft:iron\",pattern:\"minecraft:command_star\"}}",
    "type": "minecraft:item_nbt",
    "item": "minecraft:netherite_chestplate"
  }
}