{
  "type": "minecraft:crafting_shaped",
  "pattern": [
    " C ",
    "DAD",
    " D "
  ],
  "key": {
    "D": {
      "item": "witherstormmod:tainted_dust"
    },
    "A": {
      "item": "minecraft:netherite_leggings"
    },
    "C": {
      "item": "minecraft:structure_block",
      "type": "forge:partial_nbt",
      "nbt": "{display:{Name:'{\"text\":\"Super Withered Star Piece\",\"color\":\"red\",\"italic\":false}'},CustomModelData:8865,BlockEntityTag:{rotation:\"NONE\",mirror:\"NONE\",mode:\"SAVE\"}}"
    }
  },
  "result": {
    "count": 1,
    "nbt": "{display:{Name:'{\"text\":\"Command Star Leggings\",\"color\":\"red\",\"italic\":false}',Lore:['{\"text\":\"  \"}','{\"text\":\"When on Legs:\",\"color\":\"gray\",\"italic\":false}','{\"text\":\"+8 Armor\",\"color\":\"blue\",\"italic\":false}','{\"text\":\"+2 Knockback Resistance\",\"color\":\"blue\",\"italic\":false}','{\"text\":\"+5 Armor Toughness\",\"color\":\"blue\",\"italic\":false}']},HideFlags:134,Unbreakable:1b,CustomModelData:90312,CommandArmor:1,AttributeModifiers:[{AttributeName:\"generic.armor\",Name:\"generic.armor\",Amount:8,Operation:0,UUID:[I;-892157779,-492090571,-1283628203,-640204077],Slot:\"legs\"},{AttributeName:\"generic.armor_toughness\",Name:\"generic.armor_toughness\",Amount:5,Operation:0,UUID:[I;-1863170031,1217219671,-1946592399,-1072652940],Slot:\"legs\"},{AttributeName:\"generic.knockback_resistance\",Name:\"generic.knockback_resistance\",Amount:.2,Operation:0,UUID:[I;1772297027,736315190,-1854175579,-2023872182],Slot:\"legs\"},{AttributeName:\"generic.armor\",Name:\"generic.armor\",Amount:8,Operation:0,UUID:[I;-1476176152,-2055389178,-2005988600,1421805788],Slot:\"feet\"},{AttributeName:\"generic.armor_toughness\",Name:\"generic.armor_toughness\",Amount:5,Operation:0,UUID:[I;1442063736,-420591427,-2086141870,-1811048936],Slot:\"feet\"},{AttributeName:\"generic.knockback_resistance\",Name:\"generic.knockback_resistance\",Amount:.2,Operation:0,UUID:[I;-596871475,1114326942,-1454184341,1329295282],Slot:\"feet\"},{AttributeName:\"generic.armor\",Name:\"generic.armor\",Amount:8,Operation:0,UUID:[I;309984294,-311278868,-1955651319,-516205481],Slot:\"chest\"},{AttributeName:\"generic.armor_toughness\",Name:\"generic.armor_toughness\",Amount:5,Operation:0,UUID:[I;564629658,1244939460,-1938024077,-1688146785],Slot:\"chest\"},{AttributeName:\"generic.knockback_resistance\",Name:\"generic.knockback_resistance\",Amount:.2,Operation:0,UUID:[I;1858636591,-1055570274,-1232690387,-1097161012],Slot:\"chest\"},{AttributeName:\"generic.armor\",Name:\"generic.armor\",Amount:8,Operation:0,UUID:[I;-1153671170,883311337,-1909122449,1573739331],Slot:\"head\"},{AttributeName:\"generic.armor_toughness\",Name:\"generic.armor_toughness\",Amount:5,Operation:0,UUID:[I;-1689570246,1520586075,-1527621301,529157396],Slot:\"head\"},{AttributeName:\"generic.knockback_resistance\",Name:\"generic.knockback_resistance\",Amount:.2,Operation:0,UUID:[I;-1307571584,-1775087718,-1715106661,1921848668],Slot:\"head\"}],Trim:{material:\"minecraft:iron\",pattern:\"minecraft:command_star\"}}",
    "type": "minecraft:item_nbt",
    "item": "minecraft:netherite_leggings"
  }
}