{
  "display": {
    "icon": {
      "item": "witherstormmod:gold_command_block_hoe",
      "nbt": "{CustomModelData:8004}"
    },
    "title": "Hoe Magnet",
    "description": "'The hoes gravitate to you..' Collect every Command Block Hoe",
    "frame": "challenge",
    "show_toast": true,
    "announce_to_chat": true,
    "hidden": true
  },
  "parent": "witherstormmod:main/insane_dedication",
  "criteria": {
    "inventory_changed": {
      "trigger": "minecraft:inventory_changed",
      "conditions": {
        "items": [
          {
            "items": [
              "witherstormmod:wooden_command_block_hoe"
            ]
          },
          {
            "items": [
              "witherstormmod:stone_command_block_hoe"
            ]
          },
          {
            "items": [
              "witherstormmod:iron_command_block_hoe"
            ]
          },
          {
            "items": [
              "witherstormmod:gold_command_block_hoe"
            ]
          },
          {
            "items": [
              "witherstormmod:command_block_hoe"
            ]
          },
          {
          "items": [
              "witherstormmod:gold_command_block_hoe"
            ],
            "nbt": "{display:{Name:'{\"text\":\"Netherite Command Block Hoe\",\"color\":\"light_purple\",\"italic\":false}'},CustomModelData:8004,blind:1,AttributeModifiers:[{AttributeName:\"generic.attack_damage\",Name:\"generic.attack_damage\",Amount:5.5,Operation:0,UUID:[I;-1698591176,-132757556,-2069890446,-1317670192],Slot:\"mainhand\"},{AttributeName:\"generic.attack_speed\",Name:\"generic.attack_speed\",Amount:-3.2,Operation:0,UUID:[I;149459053,549602015,-1398704146,1358616886],Slot:\"mainhand\"}]}"
          }
        ]
      }
    }
  },
  "requirements": [
    [
      "inventory_changed"
    ]
  ]
}
