{
  "display": {
    "icon": {
      "item": "minecraft:netherite_chestplate",
      "nbt": "{CustomModelData:90310}"
    },
    "title": "Cover Me in Power",
    "description": "Obtain a full set of Command Star armor",
    "frame": "challenge",
    "show_toast": true,
    "announce_to_chat": true,
    "hidden": true
  },
  "parent": "witherstormmod:main/super_star",
  "criteria": {
    "": {
      "trigger": "minecraft:inventory_changed",
      "conditions": {
        "items": [
          {
            "items": [
              "minecraft:netherite_helmet"
            ],
            "nbt": "{CustomModelData:90311}"
          },
          {
            "items": [
              "minecraft:netherite_chestplate"
            ],
            "nbt": "{CustomModelData:90310}"
          },
          {
            "items": [
              "minecraft:netherite_leggings"
            ],
            "nbt": "{CustomModelData:90312}"
          },
          {
            "items": [
              "minecraft:netherite_boots"
            ],
            "nbt": "{CustomModelData:90313}"
          }
        ]
      }
    }
  },
  "rewards": {
    "experience": 250
  }
}
