{
  "display": {
    "icon": {
      "item": "witherstormmod:iron_command_block_sword",
      "nbt": "{CustomModelData:8123}"
    },
    "title": "Feel Like a Symbiont",
    "description": "Obtain a Command Star sword",
    "frame": "challenge",
    "show_toast": true,
    "announce_to_chat": true,
    "hidden": true
  },
  "parent": "witherstormmod:main/super_star",
  "criteria": {
    "": {
      "trigger": "minecraft:inventory_changed",
      "conditions": {
        "items": [
          {
            "items": [
              "witherstormmod:iron_command_block_sword"
            ],
            "nbt": "{display:{Name:'{\"text\":\"Command Star Sword\",\"color\":\"red\",\"italic\":false}',Lore:['{\"text\":\"Hold shift to use a special ability. Right-click to attack with that ability.\",\"color\":\"dark_gray\",\"italic\":true}','{\"text\":\"Jump to cancel options\",\"color\":\"dark_gray\",\"italic\":true}']},command:1,CustomModelData:8123,AttributeModifiers:[{AttributeName:\"generic.attack_damage\",Name:\"generic.attack_damage\",Amount:14,Operation:0,UUID:[I;1652176336,-1956429485,-1857773205,164750667],Slot:\"mainhand\"},{AttributeName:\"generic.attack_speed\",Name:\"generic.attack_speed\",Amount:-3,Operation:0,UUID:[I;-635050984,-1242806177,-1110615343,-1922454475],Slot:\"mainhand\"}]}"
          }
        ]
      }
    }
  },
  "rewards": {
    "experience": 250
  }
}
