{
  "display": {
    "icon": {
      "item": "witherstormmod:withered_nether_star",
      "nbt": "{CustomModelData:3405}"
    },
    "title": "Storm Conqueror",
    "description": "Defeat the revived Devourer along with the Command Block, never to be seen again.",
    "frame": "challenge",
    "show_toast": true,
    "announce_to_chat": true,
    "hidden": true
  },
  "parent": "witherstormmod:main/minifight_completed",
  "criteria": {
    "Storm Defeated": {
      "trigger": "minecraft:impossible"
    }
  },
  "rewards": {
    "experience": 500
  }
}
