{
  "parent": "witherstormmod:main/activate_super_beacon",
  "display": {
    "icon": {
      "item": "witherstormmod:tainted_dust"
    },
    "title": "Fleshy Situation",
    "description": "Acquire a weapon made of pure Wither Storm flesh.. yuck..",
    "frame": "task",
    "show_toast": true,
    "announce_to_chat": true,
    "hidden": false
  },
  "criteria": {
    "inventory_changed": {
      "trigger": "minecraft:inventory_changed",
      "conditions": {
        "items": [
          {
            "items": [
              "minecraft:diamond_sword"
            ],
            "nbt": "{CustomModelData:1000,wither:1,display:{Name:'{\"text\":\"Flesh Sword\",\"color\":\"light_purple\",\"italic\":false}',Lore:['{\"text\":\"Inflicts Wither effect on hit\",\"color\":\"dark_gray\"}']}}"
          }
        ]
      }
    }
  },
  "requirements": [
    [
      "inventory_changed"
    ]
  ]
}