{
  "display": {
    "icon": {
      "item": "witherstormmod:tainted_flesh_veins"
    },
    "title": "The Quiet Before The Storm",
    "description": "Outlast the Resummoned Wither Storm. It is over, right..?",
    "frame": "challenge",
    "announce_to_chat": true,
    "hidden": true
  },
  "parent": "witherstormmod:main/resummon_wither_storm",
  "criteria": {
    "": {
      "trigger": "minecraft:changed_dimension",
      "conditions": {
        "player": [
          {
            "condition": "minecraft:entity_properties",
            "entity": "this",
            "predicate": {
              "type": "witherstormmod:wither_storm"
            }
          }
        ]
      }
    }
  }
}
