{
  "parent": "witherstormmod:main/activate_super_beacon",
  "display": {
    "icon": {
      "item": "minecraft:command_block"
    },
    "title": "Back to the Beginning Again",
    "description": "Resummon the Wither Storm upon your world. Allowing it to unleash chaos once again, but this time, its different..",
    "frame": "goal",
    "show_toast": true,
    "announce_to_chat": true,
    "hidden": false
  },
  "criteria": {
    "summoned_wither_storm": {
      "trigger": "minecraft:summoned_entity",
      "conditions": {
        "entity": [
          {
            "condition": "minecraft:entity_properties",
            "predicate": {
              "type": "witherstormmod:wither_storm",
              "nbt": "{Resummoned:1b}"
            },
            "entity": "this"
          }
        ]
      }
    }
  },
  "requirements": [
    [
      "summoned_wither_storm"
    ]
  ]
}