{
  "display": {
    "icon": {
      "item": "witherstormmod:tainted_carved_pumpkin"
    },
    "title": "You Can Run, But You Cannot Hide",
    "description": "Experience the Wither Storm teleport to you",
    "frame": "goal",
    "announce_to_chat": true,
    "hidden": true
  },
  "parent": "witherstormmod:main/summon_wither_storm",
  "criteria": {
    "": {
      "trigger": "minecraft:changed_dimension",
      "conditions": {
        "player": [
          {
            "condition": "minecraft:entity_properties",
            "entity": "this",
            "predicate": {
              "type": "witherstormmod:wither_storm"
            }
          }
        ]
      }
    }
  }
}
