{
  "display": {
    "icon": {
      "item": "witherstormmod:withered_nether_star",
      "nbt": "{CustomModelData:3405}"
    },
    "title": "Savior of The World",
    "description": "Obtain the Super Withered Star",
    "frame": "goal",
    "show_toast": true,
    "announce_to_chat": true,
    "hidden": true
  },
  "parent": "witherstormmod:main/finalfight_completed",
  "criteria": {
    "inventory_changed": {
      "trigger": "minecraft:inventory_changed",
      "conditions": {
        "items": [
          {
            "items": [
              "witherstormmod:withered_nether_star"
            ],
            "nbt": "{CustomModelData:3405}"
          }
        ]
      }
    }
  },
  "requirements": [
    [
      "inventory_changed"
    ]
  ],
  "rewards": {
    "function": "cwsplus:items/super_star/star_book"
  }
}
