{
  "parent": "witherstormmod:main/infinite_potential",
  "display": {
    "icon": {
      "item": "witherstormmod:super_tnt"
    },
    "title": "TNT x10",
    "description": "Craft an unstable bomb with infinite potential",
    "frame": "task",
    "show_toast": true,
    "announce_to_chat": true,
    "hidden": false
  },
  "criteria": {
    "inventory_changed": {
      "trigger": "minecraft:inventory_changed",
      "conditions": {
        "items": [
          {
            "items": [
              "witherstormmod:super_tnt"
            ]
          }
        ]
      }
    }
  },
  "requirements": [
    [
      "inventory_changed"
    ]
  ]
}