{
  "type": "minecraft:smithing_transform",
  "addition": {
    "item": "minecraft:netherite_ingot"
  },
  "base": {
    "item": "witherstormmod:command_block_hoe"
  },
  "result": {
    "item": "witherstormmod:gold_command_block_hoe",
    "type": "minecraft:item_nbt",
    "nbt": "{display:{Name:'{\"text\":\"Netherite Command Block Hoe\",\"color\":\"light_purple\",\"italic\":false}',Lore:['{\"text\":\" \"}','{\"text\":\"When in Main Hand:\",\"color\":\"gray\",\"italic\":false}','{\"text\":\" 5.5 Attack Damage\",\"color\":\"dark_green\",\"italic\":false}','{\"text\":\" 4 Attack Speed\",\"color\":\"dark_green\",\"italic\":false}']},HideFlags:2,CustomModelData:8004,blind:1,AttributeModifiers:[{AttributeName:\"generic.attack_damage\",Name:\"generic.attack_damage\",Amount:5.5,Operation:0,UUID:[I;305695642,-384480197,-1859376031,1269026362],Slot:\"mainhand\"},{AttributeName:\"generic.attack_speed\",Name:\"generic.attack_speed\",Amount:4,Operation:0,UUID:[I;-773555059,-1876868177,-2086039480,-1656687213],Slot:\"mainhand\"}]}"
  },
  "template": {
    "item": "minecraft:netherite_upgrade_smithing_template"
  }
}