{
  "type": "minecraft:smithing_transform",
  "addition": {
    "item": "minecraft:netherite_ingot"
  },
  "base": {
    "item": "witherstormmod:command_block_sword"
  },
  "result": {
    "item": "witherstormmod:iron_command_block_sword",
    "type": "minecraft:item_nbt",
    "nbt": "{display:{Name:'{\"text\":\"Netherite Command Block Sword\",\"color\":\"light_purple\",\"italic\":false}',Lore:['{\"text\":\" \"}','{\"text\":\"When in Main Hand:\",\"color\":\"gray\",\"italic\":false}','{\"text\":\" 12 Attack Damage\",\"color\":\"dark_green\",\"italic\":false}','{\"text\":\" 1.6 Attack Speed\",\"color\":\"dark_green\",\"italic\":false}']},HideFlags:2,CustomModelData:8000,AttributeModifiers:[{AttributeName:\"generic.attack_damage\",Name:\"generic.attack_damage\",Amount:12,Operation:0,UUID:[I;-910103422,-1123008483,-1739605092,848968464],Slot:\"mainhand\"},{AttributeName:\"generic.attack_speed\",Name:\"generic.attack_speed\",Amount:-2.4,Operation:0,UUID:[I;350172775,1452887581,-1411728367,-559938709],Slot:\"mainhand\"}]}"
  },
  "template": {
    "item": "minecraft:netherite_upgrade_smithing_template"
  }
}