{
  "type": "minecraft:smithing_transform",
  "addition": {
    "item": "minecraft:netherite_ingot"
  },
  "base": {
    "item": "witherstormmod:command_block_pickaxe"
  },
  "result": {
    "item": "witherstormmod:iron_command_block_pickaxe",
    "type": "minecraft:item_nbt",
    "nbt": "{display:{Name:'{\"text\":\"Netherite Command Block Pickaxe\",\"color\":\"light_purple\",\"italic\":false}',Lore:['{\"text\":\" \"}','{\"text\":\"When in Main Hand:\",\"color\":\"gray\",\"italic\":false}','{\"text\":\" 11 Attack Damage\",\"color\":\"dark_green\",\"italic\":false}','{\"text\":\" 1.2 Attack Speed\",\"color\":\"dark_green\",\"italic\":false}']},HideFlags:2,CustomModelData:8001,AttributeModifiers:[{AttributeName:\"generic.attack_damage\",Name:\"generic.attack_damage\",Amount:11,Operation:0,UUID:[I;-86902100,-1980481131,-2053888494,292766738],Slot:\"mainhand\"},{AttributeName:\"generic.attack_speed\",Name:\"generic.attack_speed\",Amount:-2.8,Operation:0,UUID:[I;109009266,-1307161417,-2026163932,-1696302904],Slot:\"mainhand\"}]}"
  },
  "template": {
    "item": "minecraft:netherite_upgrade_smithing_template"
  }
}