{
  "pools": [
    {
      "rolls": {
        "min": 4,
        "max": 8
      },
      "bonus_rolls": 0.5,
      "entries": [
        {
          "type": "minecraft:item",
          "name": "witherstormmod:tainted_zombie_sitting",
          "weight": 6
        },
        {
          "type": "minecraft:item",
          "name": "witherstormmod:tainted_zombie_wall",
          "weight": 6
        },
        {
          "type": "minecraft:item",
          "name": "witherstormmod:tainted_zombie_lying",
          "weight": 6
        },
        {
          "type": "minecraft:item",
          "name": "witherstormmod:tainted_bone_pile",
          "weight": 6
        },
        {
          "type": "minecraft:item",
          "name": "witherstormmod:tainted_skeleton_wall",
          "weight": 6
        },
        {
          "type": "minecraft:item",
          "name": "witherstormmod:tainted_skull_ceiling",
          "weight": 6
        },
        {
          "type": "minecraft:item",
          "name": "minecraft:diamond",
          "weight": 8,
          "functions": [
            {
              "function": "minecraft:set_count",
              "count": {
                "min": 1,
                "max": 6
              }
            }
          ]
        },
        {
          "type": "minecraft:item",
          "name": "minecraft:diamond_chestplate",
          "weight": 1,
          "functions": [
            {
              "function": "minecraft:enchant_with_levels",
              "levels": {
                "min": 6,
                "max": 30
              },
              "treasure": true
            }
          ]
        },
        {
          "type": "minecraft:item",
          "name": "minecraft:iron_boots",
          "weight": 1,
          "functions": [
            {
              "function": "minecraft:enchant_with_levels",
              "levels": {
                "min": 16,
                "max": 30
              },
              "treasure": true
            }
          ]
        },
        {
          "type": "minecraft:item",
          "name": "minecraft:diamond_leggings",
          "weight": 1,
          "functions": [
            {
              "function": "minecraft:enchant_with_levels",
              "levels": {
                "min": 6,
                "max": 30
              },
              "treasure": true
            }
          ]
        },
        {
          "type": "minecraft:item",
          "name": "minecraft:iron_helmet",
          "weight": 1,
          "functions": [
            {
              "function": "minecraft:enchant_with_levels",
              "levels": {
                "min": 16,
                "max": 30
              },
              "treasure": true
            }
          ]
        },
        {
          "type": "minecraft:item",
          "name": "minecraft:diamond_shovel",
          "weight": 1,
          "functions": [
            {
              "function": "minecraft:enchant_with_levels",
              "levels": {
                "min": 10,
                "max": 30
              },
              "treasure": true
            }
          ]
        },
        {
          "type": "minecraft:item",
          "name": "minecraft:emerald",
          "weight": 4,
          "functions": [
            {
              "function": "minecraft:set_count",
              "count": {
                "min": 4,
                "max": 8
              }
            }
          ]
        },
        {
          "type": "minecraft:item",
          "name": "minecraft:redstone",
          "weight": 5,
          "functions": [
            {
              "function": "minecraft:set_count",
              "count": {
                "min": 12,
                "max": 24
              }
            }
          ]
        },
        {
          "type": "minecraft:item",
          "name": "minecraft:iron_ingot",
          "weight": 6,
          "functions": [
            {
              "function": "minecraft:set_count",
              "count": {
                "min": 4,
                "max": 8
              }
            }
          ]
        },
        {
          "type": "minecraft:item",
          "name": "minecraft:chain_command_block",
          "weight": 2,
          "functions": [
            {
              "function": "minecraft:set_lore",
              "lore": [
                {
                  "text": "Ingredients",
                  "color": "blue",
                  "font": "minecraft:default",
                  "italic": false
                },
                {
                  "text": "Command Armor Trim",
                  "color": "gray",
                  "font": "minecraft:default",
                  "italic": false
                },
                {
                  "text": "",
                  "font": "minecraft:include/space"
                },
                {
                  "text": "Applies to:",
                  "color": "gray",
                  "font": "minecraft:default",
                  "italic": false
                },
                {
                  "text": "Armor",
                  "color": "blue",
                  "font": "minecraft:default",
                  "italic": false
                },
                {
                  "text": "Ingredients:",
                  "color": "gray",
                  "font": "minecraft:default",
                  "italic": false
                },
                {
                  "text": "Ingots & Crystals",
                  "color": "blue",
                  "font": "minecraft:default",
                  "italic": false
                }
              ]
            },
            {
              "function": "minecraft:set_name",
              "name": {
                "text": "Smithing Template",
                "color": "white",
                "font": "minecraft:default",
                "italic": false
              }
            },
            {
              "function": "minecraft:set_nbt",
              "tag": "{CustomModelData:969}"
            },
            {
              "function": "minecraft:set_count",
              "count": 1
            }
          ]
        },
        {
          "type": "minecraft:item",
          "name": "minecraft:repeating_command_block",
          "weight": 2,
          "functions": [
            {
              "function": "minecraft:set_name",
              "name": {
                "text": "Smithing Template",
                "color": "white",
                "font": "minecraft:default",
                "italic": false
              }
            },
            {
              "function": "minecraft:set_lore",
              "lore": [
                {
                  "text": "Ingredients",
                  "color": "blue",
                  "font": "minecraft:default",
                  "italic": false
                },
                {
                  "text": "Storm Armor Trim",
                  "color": "gray",
                  "font": "minecraft:default",
                  "italic": false
                },
                {
                  "text": "",
                  "font": "minecraft:include/space"
                },
                {
                  "text": "Applies to:",
                  "color": "gray",
                  "font": "minecraft:default",
                  "italic": false
                },
                {
                  "text": "Armor",
                  "color": "blue",
                  "font": "minecraft:default",
                  "italic": false
                },
                {
                  "text": "Ingredients:",
                  "color": "gray",
                  "font": "minecraft:default",
                  "italic": false
                },
                {
                  "text": "Ingots & Crystals",
                  "color": "blue",
                  "font": "minecraft:default",
                  "italic": false
                }
              ]
            },
            {
              "function": "minecraft:set_nbt",
              "tag": "{CustomModelData:1069}"
            },
            {
              "function": "minecraft:set_count",
              "count": 1
            }
          ]
        }
      ]
    },
    {
      "rolls": {
        "min": 2,
        "max": 5
      },
      "entries": [
        {
          "type": "minecraft:item",
          "name": "minecraft:wooden_hoe",
          "weight": 4,
          "functions": [
            {
              "function": "minecraft:set_nbt",
              "tag": "{CustomModelData:94}"
            },
            {
              "function": "minecraft:set_name",
              "name": {
                "text": "Tainted Hoe",
                "font": "minecraft:default",
                "italic": false
              }
            }
          ]
        },
        {
          "type": "minecraft:item",
          "name": "minecraft:wooden_shovel",
          "weight": 6,
          "functions": [
            {
              "function": "minecraft:set_name",
              "name": {
                "text": "Tainted Shovel",
                "font": "minecraft:default",
                "italic": false
              }
            },
            {
              "function": "minecraft:set_nbt",
              "tag": "{CustomModelData:93}"
            }
          ]
        },
        {
          "type": "minecraft:item",
          "name": "minecraft:wooden_sword",
          "weight": 5,
          "functions": [
            {
              "function": "minecraft:set_name",
              "name": {
                "text": "Tainted Sword",
                "font": "minecraft:default",
                "italic": false
              }
            },
            {
              "function": "minecraft:set_nbt",
              "tag": "{CustomModelData:90}"
            }
          ]
        },
        {
          "type": "minecraft:item",
          "name": "minecraft:wooden_pickaxe",
          "weight": 4,
          "functions": [
            {
              "function": "minecraft:set_name",
              "entity": "this",
              "name": {
                "text": "Tainted Pickaxe",
                "font": "minecraft:default",
                "italic": false
              }
            },
            {
              "function": "minecraft:set_nbt",
              "tag": "{CustomModelData:92}"
            }
          ]
        },
        {
          "type": "minecraft:item",
          "name": "minecraft:wooden_axe",
          "weight": 2,
          "functions": [
            {
              "function": "minecraft:set_name",
              "entity": "this",
              "name": {
                "text": "Tainted Axe",
                "font": "minecraft:default",
                "italic": false
              }
            },
            {
              "function": "minecraft:set_nbt",
              "tag": "{CustomModelData:91}"
            }
          ]
        },
        {
          "type": "minecraft:item",
          "name": "minecraft:stone_sword",
          "weight": 3,
          "functions": [
            {
              "function": "minecraft:set_nbt",
              "tag": "{CustomModelData:100}"
            },
            {
              "function": "minecraft:set_name",
              "name": {
                "text": "Tainted Stone Sword",
                "italic": false
              }
            }
          ]
        },
        {
          "type": "minecraft:item",
          "name": "minecraft:stone_pickaxe",
          "weight": 2,
          "functions": [
            {
              "function": "minecraft:set_nbt",
              "tag": "{CustomModelData:101}"
            },
            {
              "function": "minecraft:set_name",
              "name": {
                "text": "Tainted Stone Pickaxe",
                "italic": false
              }
            }
          ]
        },
        {
          "type": "minecraft:item",
          "name": "minecraft:stone_axe",
          "weight": 2,
          "functions": [
            {
              "function": "minecraft:set_nbt",
              "tag": "{CustomModelData:102}"
            },
            {
              "function": "minecraft:set_name",
              "name": {
                "text": "Tainted Stone Axe",
                "italic": false
              }
            }
          ]
        },
        {
          "type": "minecraft:item",
          "name": "minecraft:stone_shovel",
          "weight": 4,
          "functions": [
            {
              "function": "minecraft:set_nbt",
              "tag": "{CustomModelData:103}"
            },
            {
              "function": "minecraft:set_name",
              "name": {
                "text": "Tainted Stone Shovel",
                "italic": false
              }
            }
          ]
        },
        {
          "type": "minecraft:item",
          "name": "minecraft:stone_hoe",
          "weight": 3,
          "functions": [
            {
              "function": "minecraft:set_nbt",
              "tag": "{CustomModelData:104}"
            },
            {
              "function": "minecraft:set_name",
              "name": {
                "text": "Tainted Stone Hoe",
                "italic": false
              }
            }
          ]
        },
        {
          "type": "minecraft:item",
          "name": "minecraft:carrot",
          "weight": 3,
          "functions": [
            {
              "function": "minecraft:set_count",
              "count": {
                "min": 2,
                "max": 12
              }
            }
          ]
        },
        {
          "type": "minecraft:item",
          "name": "minecraft:golden_carrot",
          "weight": 1,
          "functions": [
            {
              "function": "minecraft:set_count",
              "count": {
                "min": 1,
                "max": 4
              }
            }
          ]
        },
        {
          "type": "minecraft:item",
          "name": "minecraft:enchanted_golden_apple",
          "weight": 2
        },
        {
          "type": "minecraft:item",
          "name": "minecraft:golden_apple",
          "weight": 8,
          "functions": [
            {
              "function": "minecraft:set_count",
              "count": {
                "min": 1,
                "max": 3
              }
            }
          ]
        },
        {
          "type": "minecraft:item",
          "name": "minecraft:slime_ball",
          "weight": 2,
          "functions": [
            {
              "function": "minecraft:set_count",
              "count": {
                "min": 3,
                "max": 6
              }
            }
          ]
        },
        {
          "type": "minecraft:item",
          "name": "minecraft:gold_ingot",
          "weight": 6,
          "functions": [
            {
              "function": "minecraft:set_count",
              "count": {
                "min": 8,
                "max": 16
              }
            }
          ]
        },
        {
          "type": "minecraft:item",
          "name": "minecraft:melon_seeds",
          "weight": 1,
          "functions": [
            {
              "function": "minecraft:set_count",
              "count": {
                "type": "minecraft:uniform",
                "min": 2,
                "max": 4
              },
              "add": false
            }
          ]
        },
        {
          "type": "minecraft:item",
          "name": "minecraft:pumpkin_seeds",
          "weight": 1,
          "functions": [
            {
              "function": "minecraft:set_count",
              "count": {
                "type": "minecraft:uniform",
                "min": 2,
                "max": 4
              },
              "add": false
            }
          ]
        },
        {
          "type": "minecraft:item",
          "name": "minecraft:potato",
          "weight": 3,
          "functions": [
            {
              "function": "minecraft:set_count",
              "count": {
                "min": 2,
                "max": 12
              }
            }
          ]
        },
        {
          "type": "minecraft:item",
          "name": "minecraft:arrow",
          "weight": 5,
          "functions": [
            {
              "function": "minecraft:set_count",
              "count": {
                "min": 8,
                "max": 16
              }
            }
          ]
        },
        {
          "type": "minecraft:item",
          "name": "minecraft:coal",
          "weight": 2,
          "functions": [
            {
              "function": "minecraft:set_count",
              "count": {
                "type": "minecraft:uniform",
                "min": 3,
                "max": 8
              },
              "add": false
            }
          ]
        },
        {
          "type": "minecraft:item",
          "name": "minecraft:glow_berries",
          "weight": 1,
          "functions": [
            {
              "function": "minecraft:set_count",
              "count": {
                "type": "minecraft:uniform",
                "min": 3,
                "max": 6
              },
              "add": false
            }
          ]
        },
        {
          "type": "minecraft:item",
          "name": "minecraft:name_tag",
          "weight": 3
        },
        {
          "type": "minecraft:item",
          "name": "minecraft:obsidian",
          "weight": 2,
          "functions": [
            {
              "function": "minecraft:set_count",
              "count": {
                "min": 4,
                "max": 8
              }
            }
          ]
        },
        {
          "type": "minecraft:item",
          "name": "minecraft:golden_sword",
          "weight": 3,
          "functions": [
            {
              "function": "minecraft:enchant_with_levels",
              "levels": {
                "min": 28,
                "max": 39
              },
              "treasure": true
            }
          ]
        },
        {
          "type": "minecraft:item",
          "name": "minecraft:ender_pearl",
          "weight": 6
        }
      ]
    },
    {
      "rolls": {
        "min": 2,
        "max": 5
      },
      "entries": [
        {
          "type": "minecraft:item",
          "name": "witherstormmod:withered_flesh",
          "weight": 15
        },
        {
          "type": "minecraft:item",
          "name": "witherstormmod:withered_bone",
          "weight": 15
        },
        {
          "type": "minecraft:item",
          "name": "witherstormmod:tainted_dust",
          "weight": 12
        },
        {
          "type": "minecraft:item",
          "name": "minecraft:iron_hoe",
          "weight": 2,
          "functions": [
            {
              "function": "minecraft:enchant_with_levels",
              "levels": {
                "min": 20,
                "max": 39
              },
              "treasure": true
            }
          ]
        },
        {
          "type": "minecraft:item",
          "name": "minecraft:iron_pickaxe",
          "weight": 2,
          "functions": [
            {
              "function": "minecraft:enchant_with_levels",
              "levels": {
                "min": 20,
                "max": 39
              },
              "treasure": true
            }
          ]
        },
        {
          "type": "minecraft:item",
          "name": "minecraft:iron_sword",
          "weight": 2,
          "functions": [
            {
              "function": "minecraft:enchant_with_levels",
              "levels": {
                "min": 20,
                "max": 39
              },
              "treasure": true
            }
          ]
        },
        {
          "type": "minecraft:item",
          "name": "minecraft:bow",
          "weight": 4,
          "functions": [
            {
              "function": "minecraft:enchant_with_levels",
              "levels": {
                "min": 15,
                "max": 39
              },
              "treasure": true
            }
          ]
        },
        {
          "type": "minecraft:item",
          "name": "minecraft:fishing_rod",
          "weight": 4,
          "functions": [
            {
              "function": "minecraft:enchant_with_levels",
              "levels": {
                "min": 20,
                "max": 39
              },
              "treasure": true
            }
          ]
        },
        {
          "type": "minecraft:item",
          "name": "minecraft:crossbow",
          "weight": 4,
          "functions": [
            {
              "function": "minecraft:enchant_with_levels",
              "levels": {
                "min": 20,
                "max": 39
              },
              "treasure": true
            }
          ]
        },
        {
          "type": "minecraft:item",
          "name": "minecraft:suspicious_stew",
          "weight": 6,
          "functions": [
            {
              "function": "minecraft:set_stew_effect",
              "effects": [
                {
                  "type": "minecraft:resistance",
                  "duration": {
                    "type": "minecraft:uniform",
                    "min": 4,
                    "max": 10
                  }
                },
                {
                  "type": "minecraft:luck",
                  "duration": {
                    "type": "minecraft:uniform",
                    "min": 4,
                    "max": 16
                  }
                },
                {
                  "type": "minecraft:regeneration",
                  "duration": {
                    "type": "minecraft:uniform",
                    "min": 5,
                    "max": 15
                  }
                },
                {
                  "type": "minecraft:strength",
                  "duration": {
                    "type": "minecraft:uniform",
                    "min": 12,
                    "max": 24
                  }
                },
                {
                  "type": "minecraft:wither",
                  "duration": {
                    "type": "minecraft:uniform",
                    "min": 5,
                    "max": 12
                  }
                },
                {
                  "type": "minecraft:saturation",
                  "duration": {
                    "type": "minecraft:uniform",
                    "min": 12,
                    "max": 24
                  }
                }
              ]
            }
          ]
        },
        {
          "type": "minecraft:item",
          "name": "minecraft:book",
          "weight": 10,
          "quality": 3,
          "functions": [
            {
              "function": "minecraft:enchant_with_levels",
              "levels": {
                "min": 20,
                "max": 39
              },
              "treasure": true
            }
          ]
        }
      ]
    }
  ]
}
