{
  "type": "minecraft:entity",
  "pools": [
    {
      "rolls": 1,
      "entries": [
        {
          "type": "minecraft:item",
          "name": "minecraft:golden_carrot",
          "weight": 1,
          "functions": [
            {
              "function": "minecraft:set_name",
              "name": {
                "text": "Cracker",
                "color": "yellow",
                "font": "minecraft:default",
                "italic": false,
                "hoverEvent": {
                  "action": "show_text",
                  "value": {
                    "text": "The legendary Cracker without a name",
                    "color": "gray",
                    "font": "minecraft:default",
                    "italic": true
                  }
                }
              }
            },
            {
              "function": "minecraft:set_nbt",
              "tag": "{CustomModelData:7819}"
            }
          ],
          "conditions": [
            {
              "condition": "minecraft:random_chance",
              "chance": 0.25
            }
          ]
        }
      ]
    }
  ]
}
