{
  "type": "minecraft:generic",
  "pools": [
    {
      "rolls": 1,
      "entries": [
        {
          "type": "minecraft:item",
          "name": "witherstormmod:withered_nether_star",
          "functions": [
            {
              "function": "minecraft:set_name",
              "name": {
                "text": "Super Withered Star",
                "color": "red",
                "font": "minecraft:default",
                "italic": false
              }
            },
            {
              "function": "minecraft:set_nbt",
              "tag": "{CustomModelData:3405}"
            }
          ]
        }
      ]
    }
  ]
}
